student_id,age,gender,attendance,study_hours,internal_marks,final_exam,family_income,internet_access,backlogs,stress_level
1,23,Female,77.13241201119905,1.3124190435937995,33,30,14080,No,0,1
2,20,Male,58.97586769547878,2.900273312845566,32,16,21854,No,3,3
3,21,Male,79.56237421207156,1.1943355511627973,17,44,75695,Yes,2,7
4,23,Male,82.32702894340588,3.912067156427523,20,34,35025,No,0,1
5,19,Male,81.71748537517247,3.098927703521404,23,52,60982,Yes,1,2
6,24,Male,87.96936870665546,1.2509382006420833,17,42,49081,Yes,0,1
7,21,Female,85.00706585458684,2.628949107540164,38,39,12368,No,0,8
8,21,Male,80.51016095074124,2.0974123132913003,39,46,35094,Yes,0,5
9,23,Female,74.15801146249623,3.3830094125030166,33,24,54040,No,3,8
10,18,Female,55.0684687978081,4.608540535227774,37,56,74766,Yes,4,3
11,19,Male,80.15541862959103,0.7497930364251064,19,54,31991,Yes,2,7
12,23,Male,77.49225224595733,3.1380312949769005,16,47,9301,Yes,3,8
13,19,Female,78.25894604634448,2.8078406453200317,37,27,36610,Yes,3,6
14,19,Male,59.679017090156286,3.8056080917405586,26,55,42678,Yes,4,7
15,24,Male,62.02732151510085,3.255835953885227,13,56,32466,Yes,3,2
16,21,Female,87.63783423999485,2.097636801913417,38,51,48875,Yes,0,8
17,20,Female,74.52533815372014,2.6171352772000582,22,30,34081,Yes,0,5
18,24,Male,83.1780083684715,2.044768971835813,13,59,32354,Yes,1,7
19,24,Female,75.33982051356553,4.291208566318318,14,36,26300,No,3,1
20,19,Male,75.35707367394895,3.0255739784063307,35,34,72384,Yes,1,5
21,22,Male,86.25940567171197,5.281428822903608,31,57,68892,Yes,2,1
22,21,Male,68.80746326139152,2.927207023422455,13,41,43525,Yes,0,8
23,18,Female,76.1534493232918,2.1499118797074446,27,55,34532,Yes,2,4
24,24,Female,69.45269653553949,1.1835427288646074,15,30,14464,Yes,4,4
25,20,Female,69.78604527081221,0.8362323884928662,33,48,24562,Yes,0,2
26,22,Female,71.28993451837633,1.0990368683934124,33,46,63514,Yes,2,5
27,22,Female,77.66560525960455,3.32055198121378,32,40,40634,Yes,4,1
28,18,Male,69.25501654003827,3.6104700278759205,31,39,8060,No,2,9
29,24,Male,90.06907350688225,1.10257115756144,11,16,17269,Yes,4,5
30,20,Male,64.26471237336595,4.074045976891338,32,26,71143,Yes,4,6
31,21,Male,72.75754027006369,2.4203267379798725,20,54,31065,Yes,0,2
32,17,Female,69.72322730070991,3.1761516143826594,37,23,10895,Yes,1,10
33,20,Male,92.3637346122448,4.934664753906509,23,26,20352,Yes,4,10
34,18,Female,77.3586573181389,4.076207179038638,39,40,57737,Yes,4,1
35,22,Male,87.38213447362362,2.6777632225130015,14,23,40016,Yes,0,4
36,21,Female,57.173275523556335,1.930569329501655,15,24,69304,Yes,1,7
37,20,Female,78.2046031904311,0.5,19,46,19962,Yes,3,6
38,17,Male,85.67556954748125,2.137016016909096,17,48,41302,Yes,3,10
39,17,Male,75.9874078713051,2.7466437134067667,23,34,12011,Yes,1,1
40,19,Male,87.78576450078421,1.8153845674185793,33,53,27782,Yes,2,1
41,19,Male,68.79253859879553,2.8424916394892343,12,16,75691,Yes,0,8
42,23,Female,91.91216928222696,3.092222259550522,21,15,47725,Yes,1,4
43,18,Male,100.0,2.7301728218303056,25,50,17196,Yes,3,5
44,24,Male,70.64593727472409,2.2199969030118485,37,38,51459,Yes,4,7
45,20,Female,69.65396974319074,3.2023856063600733,39,41,40769,Yes,3,8
46,20,Male,92.44061372541242,3.5303287794832907,32,16,32700,Yes,4,10
47,24,Male,93.95486574876855,1.6915211070685847,26,45,13269,Yes,0,7
48,23,Male,68.72567967416077,4.693118855695524,10,28,51880,Yes,4,2
49,22,Male,69.95775819484972,2.8816942412588857,32,16,16320,Yes,1,4
50,22,Male,71.61858469367391,3.022619547533817,19,43,57589,Yes,4,10
51,23,Female,58.866593867588676,3.8498573079078686,34,29,43897,Yes,2,1
52,22,Male,63.97617664218962,3.279859357516202,32,26,66565,No,1,10
53,19,Male,62.95031079897518,4.143763960695894,19,51,38930,Yes,0,9
54,20,Male,65.78642921875046,3.344548998242189,30,42,65233,Yes,1,3
55,23,Male,74.58378135135862,2.265075150431475,33,34,22380,No,2,3
56,20,Male,77.81057679043825,3.433804230247322,11,53,78934,No,0,10
57,24,Female,93.60600591376893,1.627528551215206,18,38,63830,Yes,3,9
58,17,Male,63.01975151113451,3.1302716469318277,31,35,13529,Yes,2,10
59,19,Female,86.811868781719,2.960124011226647,22,24,57178,Yes,0,3
60,21,Female,72.43213386929389,2.7502597712729524,34,28,14937,Yes,4,8
61,19,Male,74.4064354841708,2.845754986273283,25,51,47886,Yes,1,2
62,23,Male,83.09783390599924,0.7417811454028334,27,32,57699,Yes,0,3
63,21,Male,61.527335741252415,2.3415301107108464,28,38,33279,Yes,1,2
64,17,Male,79.58891695420861,3.1114138813693377,21,28,46106,No,4,1
65,23,Female,76.99742649855668,3.1918276703968806,17,48,48544,No,0,2
66,18,Male,80.9094151680978,1.7667898308888503,26,26,16997,Yes,3,8
67,20,Male,78.47002372689381,4.5188494090376405,24,36,48860,Yes,2,9
68,17,Male,100.0,1.960590182142599,19,20,11225,Yes,0,2
69,20,Male,67.3471201889842,4.163348640632084,24,50,67470,No,4,7
70,22,Male,68.62803653997818,3.512633234246022,24,59,71656,Yes,0,5
71,18,Male,67.52231368290283,2.224527228187436,32,50,59880,Yes,1,3
72,18,Female,68.33427457007694,5.130373071131414,16,36,69078,Yes,0,9
73,17,Female,67.35135447232179,1.567635801892224,22,28,64633,Yes,3,6
74,18,Male,89.26819837329062,4.102985008332002,26,30,34655,Yes,0,1
75,21,Male,92.04605097587826,4.200698781651574,18,50,51601,No,2,5
76,18,Male,68.15104447500629,2.1952557491080262,17,39,11114,Yes,0,7
77,20,Female,65.01173312274926,4.6709583600771944,29,46,34502,Yes,1,4
78,20,Male,80.65698667663685,2.6999441824812567,35,47,57768,Yes,0,8
79,23,Female,68.37332346862834,3.3464323551358284,36,59,56128,Yes,3,10
80,20,Male,82.59518181306613,3.312386206525465,30,50,28028,No,4,5
81,23,Male,77.4350762502156,2.8388295102353425,27,34,63565,No,0,9
82,20,Male,56.81107062003322,3.9729699277917385,22,32,43333,No,0,9
83,21,Male,93.57006241596073,3.9521864646626557,25,52,11174,No,2,9
84,24,Female,96.55053207714626,0.9017616321141833,18,17,43398,Yes,3,1
85,23,Female,67.64653571418737,4.565208291453783,21,37,43929,Yes,4,2
86,19,Male,70.3475812807682,1.005009614357191,21,46,12321,Yes,1,3
87,22,Male,78.43038468869887,4.2390554452099884,15,59,63421,No,0,4
88,17,Female,79.0134814798443,4.3520461641931,28,30,31760,Yes,4,10
89,20,Female,82.90253127207396,1.6908402837417622,37,19,19360,Yes,1,9
90,18,Female,99.1224544651962,2.5070228544544984,16,18,18313,No,3,10
91,24,Female,72.87663327007141,1.6731543978168772,34,35,13801,Yes,3,6
92,20,Male,65.42043306553856,2.7420947636535176,12,54,22130,Yes,4,1
93,18,Female,58.448169263825676,2.6303588589771105,25,28,22271,Yes,1,9
94,22,Male,66.22883952069697,3.935592638723208,27,53,24075,Yes,3,6
95,22,Female,74.60247632551443,4.57237049534353,25,45,26984,Yes,4,4
96,22,Female,96.53469436221346,4.674820572947947,32,28,68942,No,3,4
97,18,Female,68.78866441156595,2.3253983681060375,16,20,20861,Yes,3,3
98,20,Female,77.68545541966678,2.748933751506567,13,26,79376,No,3,7
99,22,Female,74.80292524712698,0.9798741693348596,36,30,69247,Yes,2,3
100,21,Male,89.260719281377,2.0329559202045733,34,31,77101,Yes,1,2
101,23,Male,100.0,4.157821959716949,39,59,28977,Yes,4,10
102,18,Female,68.62957472495616,4.938699388257878,17,37,58617,Yes,4,8
103,18,Female,69.12672668978134,1.5187813537440935,22,28,65473,Yes,1,4
104,20,Male,87.52993052482887,2.289042889016527,22,21,23630,No,1,8
105,18,Female,83.18269787551574,2.9683130916492875,26,46,28056,Yes,1,1
106,18,Female,97.16048790883241,3.336193390583528,26,29,15382,Yes,1,5
107,22,Male,82.00713822391157,2.028475776094025,14,58,63739,Yes,0,9
108,20,Female,70.68849491055529,3.5088732533569074,15,31,56639,Yes,4,1
109,22,Female,82.08785796830772,2.4313927835149007,28,55,67838,Yes,0,4
110,23,Male,88.3044429669949,2.982657274946065,22,58,54041,Yes,3,6
111,24,Male,84.84578617436837,3.6555410976044396,34,48,8992,Yes,3,10
112,23,Male,81.08728837328758,3.007706723773125,37,19,75657,No,4,8
113,24,Female,87.80009627506985,2.4763369313681176,35,59,35160,Yes,3,3
114,22,Male,89.03154708534808,2.868468235289003,23,41,53156,Yes,1,5
115,23,Male,91.58590789245032,2.8939644489535974,31,37,59375,Yes,0,7
116,20,Male,82.78451865107571,2.555986764141447,13,54,27572,Yes,1,1
117,17,Male,72.99458303619775,2.6894447247994773,37,28,12136,Yes,3,7
118,22,Male,76.76056423719987,4.91837660460566,16,29,69868,Yes,0,8
119,24,Male,89.47810759810028,3.6731033375294864,17,57,40167,No,1,8
120,21,Female,65.19677194815317,2.6454236183650077,34,47,23479,Yes,4,9
121,24,Female,79.42407970647481,3.8363452854128828,22,45,39376,Yes,1,6
122,21,Male,70.27993425207167,2.599416612292788,36,49,12823,Yes,3,6
123,18,Male,75.34493787521781,4.40774956510397,15,31,78456,Yes,0,2
124,23,Male,90.34142235128758,3.4435706306377125,15,42,27585,Yes,4,3
125,21,Female,77.29318881623884,2.8712374271949255,33,33,25272,No,0,4
126,24,Female,75.55723857787379,3.537260310972333,37,37,34619,Yes,4,4
127,18,Female,58.68172630824097,1.114948617517801,30,46,47895,No,0,8
128,17,Female,83.95504279232665,1.6478790373082337,39,54,11720,Yes,3,1
129,20,Female,82.7458101736929,1.5672899923211336,12,27,27267,Yes,4,10
130,20,Female,100.0,3.171531713716448,37,34,23696,Yes,2,4
131,20,Female,71.30666118056399,5.07901799938211,12,49,37968,Yes,0,4
132,21,Female,77.62980393196727,5.677560175431159,22,19,61364,Yes,0,1
133,17,Female,77.99260420452906,3.7656613217289086,31,23,31345,Yes,1,3
134,21,Male,93.9294393571617,3.6010133699333484,11,43,59567,No,4,5
135,23,Male,73.85645361135657,0.8387307190167133,25,20,69607,Yes,2,6
136,21,Male,78.34825830924407,2.348791440319174,31,39,27385,Yes,3,9
137,17,Male,82.29475811659847,2.054659497710113,38,45,74900,No,1,9
138,17,Female,77.2393094778763,2.254982882098661,15,36,76244,No,2,9
139,23,Female,69.64279662539366,2.7982274176982527,17,16,73425,Yes,4,1
140,17,Male,77.3290799147797,2.433491306763447,32,59,40919,Yes,2,9
141,24,Female,87.88358099831726,0.624840227549055,17,19,65196,No,0,8
142,17,Male,62.681816407067274,3.8974923073410404,39,41,8495,Yes,0,2
143,20,Female,76.59563608976251,1.7127083691122322,34,39,52755,Yes,1,1
144,24,Male,66.59855022072992,3.2870962369333796,15,22,75684,Yes,4,1
145,24,Female,89.34055954709811,5.488899203699968,23,15,41324,Yes,4,6
146,23,Female,56.721757142594704,1.896738490096292,12,34,9552,Yes,2,9
147,19,Male,68.29293783274093,0.5,19,58,59272,Yes,1,7
148,19,Female,79.52654250077426,2.656794933743867,12,37,43853,Yes,4,5
149,17,Male,93.78628835081209,4.321151561998285,36,46,40924,Yes,0,2
150,24,Male,74.21099686712415,5.350016945064713,21,25,31889,Yes,2,1
151,19,Male,68.33760567968162,1.5245404866570997,26,53,62675,No,3,2
152,19,Male,97.57388483328708,3.596039067883826,36,38,78190,No,0,1
153,17,Female,57.623833195005076,2.441627451863936,38,25,30634,Yes,1,3
154,19,Female,48.61432852055901,2.872861974835037,14,43,40363,Yes,4,6
155,21,Female,80.28017340064,6.173212016420441,39,40,71752,Yes,0,8
156,18,Male,68.97534930776867,1.1964356059258163,29,30,64398,Yes,3,3
157,23,Female,62.74520619443144,3.304487593793488,34,49,48718,Yes,3,10
158,18,Male,83.50027736759225,3.5612318061185197,18,34,34870,Yes,1,9
159,17,Female,77.92560856525438,4.302943589927216,39,17,45394,No,0,10
160,20,Female,68.23105643115926,3.1175797841650743,30,15,60057,Yes,2,5
161,23,Female,59.63634721594927,3.3696606474049227,35,15,21016,Yes,0,7
162,17,Male,85.46948793936174,2.5300217190938508,29,31,50137,Yes,3,8
163,24,Female,82.80241413550394,3.3229523294941288,16,16,8153,Yes,1,3
164,20,Female,73.8098896346474,2.5881692694031075,31,43,15853,No,1,2
165,18,Male,97.159643952572,3.745886267827261,13,34,20379,Yes,2,2
166,17,Female,62.158982804086165,2.5564675967476393,22,20,23792,Yes,1,5
167,24,Male,56.693697948903136,3.4525204726826235,22,22,46367,No,1,1
168,23,Female,66.69710316142506,2.964884623578026,19,43,26100,Yes,1,2
169,23,Male,74.45296780373403,4.351260300926602,27,47,71456,No,1,9
170,22,Male,77.92007339187231,2.9383275316938167,26,17,19049,Yes,1,7
171,24,Female,72.10516730572404,0.8723610381517424,29,49,8786,Yes,3,6
172,21,Male,79.22466475817156,4.51430580085679,29,19,77904,Yes,0,9
173,19,Male,59.981526909714674,1.9131212389648573,22,41,38699,Yes,4,7
174,20,Male,92.3251752488791,2.2154803936214162,26,58,55691,Yes,1,5
175,24,Male,74.01418585928917,2.2852064471478095,31,26,45040,Yes,4,9
176,22,Male,88.40754997905753,4.64932571180498,13,34,65986,Yes,4,6
177,19,Male,79.11270415653244,0.5,10,59,46762,Yes,3,6
178,19,Female,80.4810386298454,6.765298240391992,10,34,31600,Yes,1,4
179,17,Male,81.83720736278644,4.267268170879262,24,23,27810,Yes,4,1
180,19,Male,80.37250272020778,3.2678866969549913,22,53,65204,Yes,1,5
181,21,Female,82.71267311841052,2.9341271992604563,26,18,28085,Yes,2,9
182,23,Female,90.94983036158918,3.342664889829188,33,33,54854,Yes,2,8
183,22,Female,77.35825403641765,3.625346914055206,35,52,47779,No,2,8
184,19,Female,83.50804509106214,3.7742587031400685,17,41,64207,Yes,4,5
185,17,Female,73.92317166855328,3.666725359204138,27,59,41980,Yes,2,9
186,21,Female,92.28140658539368,3.1074968175062985,36,57,64117,Yes,3,3
187,18,Female,66.88329237528876,2.7631938956312085,22,27,22141,Yes,3,3
188,23,Male,96.61128519492979,2.818472059615786,32,27,17344,Yes,4,1
189,23,Male,74.51810459226787,2.766110063576783,23,36,23896,No,1,9
190,22,Female,57.830698774583425,4.3605241162404775,17,42,37813,No,0,6
191,23,Male,76.53725297892947,3.7122680667370345,17,59,73679,Yes,1,2
192,19,Male,66.82738011030143,0.5,36,36,18681,Yes,1,8
193,17,Male,85.08772258786469,3.787080931835713,35,57,11228,Yes,1,9
194,23,Female,67.16851224837131,3.23368343366253,24,33,12582,Yes,1,9
195,23,Female,69.64579880142264,2.9775494922649233,36,22,19397,Yes,0,2
196,18,Male,52.325511228653625,2.533777856293337,22,22,46799,Yes,2,2
197,18,Female,69.57232416901108,4.348935263983217,16,56,45011,Yes,1,7
198,20,Male,45.91344808045252,4.137031754547429,14,40,52264,No,3,4
199,21,Male,55.99316611817132,2.0725467986116692,26,40,50317,Yes,4,1
200,19,Male,84.12497587373157,3.4884627445494423,37,37,55914,Yes,4,8
201,23,Male,84.42960190380998,1.8340119185504569,34,57,53254,No,3,2
202,24,Female,80.10549074141957,1.3444582022532834,38,27,48096,Yes,1,3
203,23,Female,63.396286282449445,2.247939330492042,25,42,61785,No,0,5
204,17,Female,74.42746372629624,4.03487216685931,32,23,60344,Yes,2,3
205,20,Male,74.95676953091318,4.143750054451304,11,34,76546,Yes,4,7
206,21,Female,61.09962372968948,3.6157025041167516,31,33,79091,No,2,7
207,24,Male,93.04077962120581,3.8701149442175966,27,53,73603,Yes,0,2
208,20,Female,85.52834748690806,3.61941394453795,26,26,36412,Yes,4,7
209,22,Male,72.34842991404403,2.2302220857324575,39,29,59658,Yes,2,6
210,21,Male,75.32263006793437,3.5183070536087286,16,45,57549,Yes,0,10
211,23,Male,77.50059369537063,3.9604914302732186,22,28,19549,Yes,2,9
212,23,Female,50.49918157890851,3.905149595776289,27,25,79216,No,1,9
213,21,Female,72.03387140975283,4.426696045769571,38,40,33739,No,0,2
214,23,Female,66.81618902402641,3.8499646166412766,23,56,29209,No,2,7
215,19,Female,62.980559881261016,3.4217378490498995,39,41,23116,Yes,1,5
216,21,Male,71.62679648536854,4.284180285979713,27,25,28045,Yes,1,6
217,20,Female,96.57223832219427,2.968174488901128,22,52,34327,Yes,0,1
218,21,Female,82.69011433520411,1.9417504185267387,20,48,43709,No,3,7
219,24,Male,68.14585212260644,2.8043196432674833,30,57,51617,Yes,4,6
220,23,Male,81.8709933762739,2.1061168262322614,39,33,68139,Yes,0,4
221,19,Male,91.79226523903202,2.1897860700307423,30,20,34905,Yes,1,1
222,19,Female,86.09560419495322,2.8265775951413787,25,52,72148,Yes,1,9
223,22,Male,75.71556443904208,2.0490960948000465,32,56,50919,Yes,0,4
224,20,Male,67.23675866753311,2.6304461644331516,26,42,66446,No,3,2
225,18,Male,83.37867976336308,0.7276623996554572,17,15,60428,No,4,8
226,18,Female,79.72182462506099,3.2559524488475264,28,49,55894,Yes,2,2
227,21,Male,85.74231864033278,3.001446570434669,29,54,14447,Yes,0,5
228,22,Female,82.62206162018363,2.0194936427181713,24,22,13499,No,4,6
229,17,Female,87.59463258383202,3.791094802118886,18,21,47041,Yes,4,8
230,21,Male,68.57717746127318,4.12508416515187,29,25,39315,Yes,1,1
231,22,Male,90.80872878761191,1.0709281627572311,19,53,9299,Yes,2,1
232,20,Female,77.3711952563088,2.084730265720543,21,18,12994,Yes,0,4
233,20,Male,99.90313047150319,2.0770291802552423,30,39,15489,Yes,1,5
234,20,Male,66.72974618292518,1.8721162786693624,32,26,40355,Yes,1,9
235,20,Female,95.83156563798299,3.995369810318098,29,40,76367,Yes,3,7
236,20,Female,77.37492940155177,2.7674086334726358,39,52,9996,Yes,4,7
237,22,Male,67.18298395662661,2.682582190427267,10,26,52387,No,0,8
238,22,Female,69.19336999134813,0.5953651627118961,34,57,11089,No,0,5
239,19,Male,71.15583230166816,3.7625016362510717,29,51,28659,No,0,5
240,24,Male,80.08999135682299,1.512889926175833,18,38,53178,Yes,1,1
241,18,Male,81.274025856426,3.071919156319594,31,30,78726,Yes,3,9
242,23,Female,68.11559995273706,3.33285232554983,24,27,78111,Yes,2,6
243,20,Male,74.7077448928682,4.632790315006381,10,39,42565,No,1,9
244,17,Male,100.0,1.4294155210570656,21,18,30884,Yes,2,3
245,23,Male,95.73051804120854,0.5,12,25,25199,Yes,3,5
246,22,Female,80.23588403608838,3.2206194537044337,20,46,68038,Yes,4,2
247,17,Female,75.4560417380184,5.160613417813025,11,21,65786,Yes,0,10
248,17,Female,76.44037592061913,4.486735623527325,25,25,57294,Yes,2,5
249,17,Female,82.362215672765,3.2515912983295507,18,42,42178,No,1,8
250,19,Female,62.72648921761913,2.4100365772415433,24,55,20665,No,2,2
251,22,Male,71.91148155091986,3.9685471159647725,21,37,8534,Yes,4,8
252,17,Female,54.97699111346893,1.8317445603546376,10,59,44132,No,0,4
253,20,Female,79.79067747126335,3.571629323227463,22,37,44110,Yes,2,10
254,21,Female,82.76635127643289,3.6065641909999524,23,42,66754,Yes,4,10
255,17,Male,69.20176245240751,4.272251888998656,34,57,71580,Yes,1,1
256,19,Female,93.88784115948039,6.311592046693294,34,40,30469,Yes,3,5
257,23,Female,60.290812043971904,3.4708991606145205,17,39,72016,Yes,1,1
258,22,Male,57.42750143748216,2.3892436491510014,17,43,54233,No,0,7
259,24,Female,77.69342182271967,2.9693108253696066,36,33,74708,Yes,1,8
260,19,Male,87.56517963134586,0.8771089141330584,39,47,66232,Yes,1,3
261,17,Male,95.20713229749443,2.16634424269313,21,50,42409,Yes,1,3
262,22,Male,69.49338884557272,2.508861074264275,10,28,27324,No,1,7
263,21,Male,87.94417000117555,2.3710939224784893,20,28,16738,Yes,0,4
264,17,Male,74.53789836599151,3.1828258464404664,17,49,32054,Yes,4,3
265,19,Female,72.92847240071016,2.0130960811413594,19,44,37709,Yes,2,8
266,18,Male,85.60391924984006,4.345236800789365,39,42,8363,Yes,3,3
267,20,Male,82.82787454096103,3.0002484779018364,28,31,18358,Yes,2,7
268,24,Female,56.08329411618901,2.9888396146336627,20,17,11240,Yes,2,2
269,23,Male,92.71848419671075,2.6065263401844985,16,30,53689,Yes,3,1
270,19,Female,91.56109624976942,3.1862288206307747,20,44,9936,Yes,0,6
271,22,Female,67.49324758188564,3.990117917601162,26,43,51965,No,3,8
272,24,Female,79.7496424012489,1.9594437411469197,10,59,8882,Yes,0,1
273,24,Male,80.92836223539287,2.210260213109692,35,29,28224,Yes,2,10
274,24,Male,78.12808518988689,2.6355287654680026,38,39,38825,No,0,9
275,17,Male,68.39633815385496,1.3849548918321422,30,52,78740,Yes,4,3
276,20,Female,66.94051958474338,2.016890568334203,30,56,36885,No,3,3
277,17,Male,74.69335114810265,2.428534951746409,17,52,48056,Yes,4,4
278,22,Male,89.07274823111237,4.049267016855273,32,37,11203,Yes,2,1
279,17,Male,81.52320185513318,3.31507359480231,33,39,68241,Yes,3,9
280,18,Female,70.55262801496673,3.232307893641053,15,56,10244,No,2,3
281,20,Female,84.26038452778013,4.0210775546015665,31,21,76619,Yes,4,10
282,20,Male,40.817488552439094,2.835153853920724,27,36,29584,Yes,2,4
283,22,Male,88.78518840446525,3.4685578199146674,15,31,16521,No,3,1
284,23,Male,54.1234346546628,2.8761338964810044,14,32,58017,Yes,3,4
285,18,Male,70.65070870316241,3.3184348192795543,22,55,41541,Yes,2,1
286,19,Female,61.563961264486274,2.3006896108661015,28,24,37063,Yes,3,5
287,17,Female,59.46382229134913,0.5,31,24,78268,Yes,3,5
288,21,Female,88.92992144854223,2.838865005376435,17,21,72952,Yes,2,7
289,17,Female,69.38758558425731,4.707297763319928,18,52,47563,Yes,4,8
290,24,Male,79.15804658076858,4.111458482689911,26,41,47752,Yes,3,4
291,17,Male,74.4369530534498,4.158476981509405,12,47,10567,Yes,3,7
292,19,Male,80.72448992667746,4.483356866167462,28,15,24121,No,3,4
293,17,Female,75.92186269272307,3.106389109153725,20,58,9674,No,3,3
294,18,Male,59.604093309737166,3.236778848886715,33,48,74275,Yes,2,6
295,18,Female,86.95520183336568,2.25881772547878,26,18,75081,No,4,4
296,20,Female,69.07492100206424,2.62071257276754,30,31,37140,Yes,4,3
297,22,Male,56.321017216082986,3.73892537972537,28,18,17327,Yes,0,9
298,23,Male,69.86261806840905,4.4446613246025795,11,57,78663,No,3,5
299,21,Male,93.00911748761173,2.8326644691828005,17,40,31331,Yes,3,7
300,24,Female,85.20266090536191,2.459772882178306,28,18,31004,Yes,0,6
301,17,Male,70.81617438710569,3.0006335506279167,16,15,18492,No,4,10
302,17,Female,70.80890754817885,3.7214480987149376,37,21,62797,Yes,1,5
303,19,Male,71.14037938539141,1.2673742206397498,36,44,66095,No,1,7
304,22,Female,99.92097580273008,0.5,26,23,21749,Yes,4,6
305,18,Female,79.58322542677864,2.3393557806100995,15,49,71217,Yes,3,10
306,21,Male,80.16049976629283,1.5351450889030096,28,22,17045,Yes,1,2
307,20,Female,87.3634014483821,2.390231762823227,33,38,28116,Yes,2,3
308,18,Female,77.86546990831816,2.822663617419034,15,33,26667,No,2,2
309,24,Male,71.89149425015157,2.456101909172384,37,50,35302,Yes,0,3
310,22,Female,72.64380181098026,4.742961041364895,11,57,19283,Yes,4,1
311,24,Male,74.14078488703123,3.392093717522784,15,41,38935,Yes,4,8
312,23,Female,74.5533331618819,3.360569231532994,32,46,39624,Yes,1,6
313,20,Male,83.73155452364375,3.746648572852082,14,28,21440,Yes,3,2
314,23,Male,75.6233506296876,1.6334002586630771,28,32,54501,No,4,8
315,19,Female,83.79168092658695,4.246934144904323,29,42,9269,Yes,1,6
316,24,Female,74.03140103869701,2.909082856157448,13,43,15868,Yes,1,7
317,19,Female,75.94362228379309,3.804576740689455,31,30,38251,No,4,1
318,17,Female,51.02159178561471,1.7137713203518135,35,49,46729,Yes,1,7
319,23,Female,85.99593209642978,1.135489480780723,26,45,23734,Yes,0,3
320,22,Male,79.15786171077592,3.9814675896300344,20,18,50429,No,0,8
321,24,Female,86.97612131831582,3.4516914313170197,13,51,49337,Yes,4,6
322,21,Male,40.24493546167573,1.9175381347709877,35,31,48325,Yes,3,4
323,20,Male,100.0,1.9564043024703668,22,53,70514,Yes,0,8
324,18,Female,73.32492446213791,4.350521741297723,29,40,16433,No,0,9
325,22,Male,88.2981938008502,1.5727057285592065,35,53,17111,No,4,10
326,22,Male,62.52112887449363,4.9712075439071555,26,55,71753,No,2,2
327,19,Male,82.35328686075084,1.9192551184225575,18,18,29751,Yes,1,6
328,23,Male,62.35901324191613,3.7660703107300595,13,44,24453,Yes,0,5
329,24,Female,67.51477247165033,2.6056578291012187,32,44,46968,Yes,2,5
330,24,Male,97.96837624640143,3.7238249172988116,37,36,38077,Yes,3,10
331,17,Female,72.71181119083984,2.347063197462969,23,25,42775,Yes,2,3
332,17,Female,77.60919447815668,2.8046485127132468,28,16,66144,No,4,8
333,20,Male,85.44081276826505,3.0491030104748655,35,58,56570,No,3,8
334,19,Female,80.94818265567126,1.7973750530622328,37,26,54097,Yes,3,5
335,22,Female,76.80502686172292,3.888989214504151,12,44,32503,Yes,2,8
336,24,Female,79.3795320295947,2.3841437202340976,23,50,10779,Yes,4,10
337,21,Male,100.0,2.7256801015919776,17,32,8755,Yes,0,8
338,19,Female,74.30857443559698,1.8067807504697853,33,40,47263,No,2,3
339,20,Female,77.41318856057961,0.5,36,21,63087,No,0,2
340,20,Female,87.60785275209135,2.7707666848797974,37,15,50281,Yes,2,9
341,19,Male,88.2663111954958,5.895138505935499,10,40,59482,Yes,0,2
342,20,Female,89.24436366672457,3.9415251454776286,19,37,62857,Yes,2,9
343,19,Male,82.66476266435022,2.9768875443187266,27,40,25400,Yes,3,4
344,18,Male,61.283941047234194,2.684531004950079,25,59,48115,Yes,1,2
345,19,Male,94.60117838761315,3.026959071374456,17,20,22249,Yes,3,10
346,23,Male,61.243855283775744,3.6565429382102517,10,20,54825,Yes,0,1
347,19,Male,78.6316255828684,1.5830246216293862,21,58,32600,No,4,4
348,20,Male,65.9486897997677,4.337186033602647,17,22,45706,Yes,3,9
349,24,Female,74.23033984088408,3.858457578529493,33,38,27222,Yes,1,9
350,23,Male,78.94514892364177,3.8618228708495215,25,36,49139,Yes,0,4
351,20,Female,78.85628658540328,3.5261708865716725,27,33,49302,Yes,3,9
352,17,Female,80.06304905082342,3.0235399892327877,13,51,76159,Yes,2,6
353,17,Male,94.36453522870377,3.807433483160184,15,32,16646,Yes,4,1
354,24,Female,80.44241161816775,3.7101769604896537,21,45,21543,Yes,0,10
355,24,Female,72.07012037651222,2.5751511468707715,36,51,30785,Yes,3,6
356,23,Female,86.56904601946029,2.311677872523719,18,44,39406,No,0,9
357,18,Female,89.2736458670957,3.1222275543143843,24,56,59428,Yes,2,2
358,24,Male,60.26870621835609,4.858824181794224,25,47,31777,No,1,6
359,17,Female,82.1688008381983,1.513071509215319,33,24,65939,Yes,3,2
360,19,Male,83.41407290773078,1.238969681097072,21,51,61026,Yes,0,4
361,20,Female,71.4292379596801,3.19771300948382,33,26,37553,Yes,0,8
362,17,Female,91.50848175973942,3.0610652422272215,32,44,31548,Yes,0,7
363,17,Male,73.19933295560968,3.2080099972444898,23,41,71221,No,1,9
364,18,Female,76.5069174416585,3.2927438374902005,22,53,45265,Yes,0,7
365,23,Female,72.92313810859356,2.7321572944382337,34,23,48701,No,4,1
366,23,Female,75.1869485709776,4.787836126322499,11,35,59287,No,4,2
367,22,Male,61.84469895725758,1.0789152258281813,12,26,14727,Yes,0,6
368,18,Female,57.719389408868466,2.005803570263705,35,43,58717,Yes,4,7
369,19,Male,94.13406075869966,2.876094287821143,33,47,40427,Yes,3,3
370,23,Female,64.83646382018007,1.0281734266149993,39,57,24692,No,4,9
371,20,Male,63.10329180652431,2.7889747146815145,31,29,39625,No,0,7
372,24,Male,49.15931863675542,4.993764198873622,19,16,32918,Yes,2,6
373,18,Female,67.33245902772597,3.025063785955154,18,53,49136,No,3,6
374,24,Female,59.12292247911002,3.27684108686242,35,58,60409,Yes,1,1
375,17,Male,94.70418192163643,1.4878022817929037,29,32,23577,Yes,0,5
376,20,Male,87.11780507211161,2.260366310352627,17,17,35689,Yes,1,10
377,20,Female,66.74219585786732,2.5497643436112756,19,21,19154,Yes,2,3
378,17,Male,100.0,2.618741883892519,28,57,29341,No,1,7
379,18,Female,86.78118584389912,4.537972554004522,12,32,54330,Yes,0,10
380,17,Female,71.10202339789653,3.669229272870149,33,58,76416,Yes,0,3
381,24,Female,45.00713142151712,1.6662504516755616,14,52,41313,Yes,2,5
382,22,Female,100.0,3.2958057341184057,12,51,54900,Yes,0,7
383,20,Male,58.32513039883685,3.597866098196142,35,47,42695,Yes,2,3
384,21,Female,55.2552150365173,4.36817884622552,36,58,38225,Yes,2,10
385,21,Male,87.27084518411569,4.896648823882048,25,45,57156,Yes,0,2
386,24,Female,100.0,1.7818869698065576,26,25,35829,Yes,4,6
387,19,Male,91.61127382212622,2.0269709865475942,24,18,33938,Yes,2,8
388,23,Female,81.76690944062831,1.4909065693024606,12,32,67164,Yes,0,4
389,17,Male,82.13705209998344,2.7191761690716225,21,18,62530,Yes,4,9
390,17,Male,85.2409867053637,3.5596300493356012,18,48,76199,Yes,2,8
391,19,Female,84.10714307744118,4.184801419906922,30,43,68282,Yes,4,7
392,19,Female,78.37429708763251,2.9088587716289727,21,38,55801,Yes,3,7
393,24,Female,76.25041324742251,2.616182972094187,35,36,17465,Yes,3,3
394,24,Female,74.24888246520572,3.1821095906984884,24,16,11326,Yes,4,6
395,19,Male,65.95242493359989,1.9978285180439723,11,58,11659,No,2,5
396,20,Female,71.63189907759872,5.507446466033728,32,20,68289,No,0,1
397,24,Male,54.684518229655374,1.0708067674583297,27,56,35594,Yes,1,3
398,22,Male,73.81992447846301,3.2216886946748695,29,39,12763,Yes,0,1
399,24,Female,63.13690671418899,5.428327463075567,21,35,18828,No,1,4
400,17,Male,61.75692819341075,3.0081598134719973,32,30,55588,Yes,1,10
401,24,Male,77.15872981384175,2.771953157998207,13,45,19221,Yes,2,3
402,20,Male,91.70402743613519,2.571065492627487,32,28,19211,No,4,4
403,19,Male,86.01979927202775,2.7835299818851107,25,53,21569,Yes,0,9
404,17,Female,56.15399275652187,4.647418169611836,32,42,45860,Yes,4,3
405,24,Female,63.12446236115595,0.5,25,46,79558,Yes,3,6
406,20,Female,86.2892542558586,4.840120441555591,10,42,53337,Yes,2,6
407,22,Female,63.210151277540284,1.291251417059826,31,23,60311,Yes,2,7
408,24,Male,72.30440220003571,2.6800172049187023,34,59,21515,Yes,3,9
409,20,Male,81.60062518829463,2.4849066956416057,11,36,79695,Yes,0,7
410,22,Female,63.379866541636375,3.7062639237248636,39,46,32904,Yes,3,1
411,19,Female,76.26450607375152,1.082250777739503,12,19,67935,Yes,0,8
412,24,Female,58.991694060981544,3.5546071992983315,35,37,51790,Yes,1,5
413,22,Male,67.78358827258543,5.4291715479442235,30,19,76580,Yes,2,9
414,17,Female,78.83738320971044,1.3641911944886276,34,56,13636,Yes,0,10
415,19,Female,55.884075197619964,3.227647401132475,29,46,10892,Yes,4,5
416,17,Female,80.28569685552479,2.205621386644069,26,24,29672,No,4,5
417,21,Male,74.76434641287983,3.5110646474316427,29,53,13812,Yes,2,2
418,18,Male,81.62987945300577,3.0229773328989022,31,29,8654,Yes,3,3
419,24,Male,77.68696960877594,2.2302157091468287,30,21,62633,Yes,3,10
420,22,Male,91.36968515968613,3.585446741845289,39,43,25143,Yes,0,9
421,18,Male,76.5026940317749,5.165217731744091,38,17,63934,Yes,3,7
422,18,Male,69.84713350649696,2.7709154499272417,10,33,75334,Yes,2,1
423,22,Male,76.4675700363874,3.863709530577818,29,24,37087,Yes,0,3
424,19,Male,81.51957634843666,1.4480724505546037,15,42,19618,Yes,1,2
425,24,Female,75.58632084390845,1.8522763478183895,38,43,16446,No,3,1
426,21,Female,75.48710029444659,3.5668875334564527,24,29,56867,No,3,9
427,17,Male,66.57609974631893,4.780939234243158,35,49,59028,Yes,0,8
428,20,Male,67.04518898938862,3.426736018542792,35,20,68101,Yes,4,5
429,17,Female,58.16873673840368,2.6243303633722146,23,26,35200,Yes,3,2
430,20,Male,95.99492091824328,2.9991496865080247,29,52,69465,Yes,2,1
431,17,Male,60.07364117530458,1.499510719236339,24,27,47148,Yes,3,7
432,22,Male,66.68513762644912,3.72541839162644,23,43,28698,Yes,1,2
433,21,Female,66.37911281316963,4.058799674788091,34,33,50470,No,3,1
434,24,Female,85.7390925233333,2.457491600600304,30,17,59660,Yes,4,2
435,20,Female,71.46060386049567,2.4359494226885983,33,22,61910,Yes,3,7
436,24,Female,89.97290487208481,3.3190538755824583,34,22,43450,Yes,0,7
437,24,Female,66.91811250907358,2.4759363167512856,35,34,64463,Yes,3,10
438,24,Male,78.34792994668562,2.920640862449013,14,18,41757,Yes,4,6
439,23,Female,64.97583536088291,5.5196661469998185,15,35,78247,Yes,0,5
440,19,Male,100.0,2.703569159104804,26,17,39390,No,2,3
441,17,Male,60.748818971645846,2.5699918175745333,20,59,64116,Yes,0,3
442,24,Female,78.71784852272432,2.2229498332378093,25,22,21161,Yes,1,9
443,17,Female,82.60532257118518,3.893030365799924,21,37,40152,No,0,4
444,24,Male,79.96558916941798,2.7825309921382764,24,30,28836,Yes,2,9
445,20,Male,72.7765480934675,2.220752354014289,32,27,74543,Yes,3,4
446,19,Male,73.44215160319888,4.585564838727614,13,17,63648,No,0,2
447,19,Female,75.52573766374931,4.703523605416365,36,23,34331,Yes,0,4
448,22,Female,73.23597598045814,2.279491721113554,27,28,18763,Yes,0,6
449,23,Female,86.56654940153892,0.7601520583672605,30,27,77444,Yes,0,6
450,22,Female,100.0,4.209016427804307,37,21,27187,No,2,5
451,22,Female,68.310098579906,2.178444209087995,12,29,19957,Yes,4,1
452,22,Male,58.562364245051064,3.9487507189953224,31,21,12379,Yes,4,3
453,22,Female,73.94061541978495,0.6358754187457976,17,52,35959,Yes,0,5
454,22,Male,100.0,4.071116805959171,32,48,35105,Yes,2,6
455,21,Male,65.35590518436322,1.5465936848630626,12,55,8877,Yes,2,1
456,19,Male,94.6694016653288,3.8769169428798294,17,36,56353,Yes,0,9
457,22,Female,95.13240976891728,3.017127681403721,27,38,59567,Yes,1,3
458,24,Female,68.35694109950407,1.8552726967240263,19,51,65913,Yes,0,10
459,19,Female,81.8277969502233,2.511556424487863,34,58,10637,No,1,3
460,19,Male,94.54075947754245,3.823582148348041,29,15,50025,Yes,0,2
461,18,Male,70.45046710815015,3.127073343738281,26,24,36742,Yes,1,8
462,21,Male,72.55703567877165,3.701295576566981,17,57,19831,No,1,3
463,22,Male,68.01982903261627,5.371728701418583,32,30,54762,Yes,0,6
464,17,Male,62.822919231685596,1.1229100659467384,20,22,26830,Yes,1,2
465,20,Male,67.20866945920791,4.940655089962348,38,39,63044,No,3,7
466,23,Female,60.31271679885292,3.1252271250278554,14,26,77202,Yes,4,4
467,24,Female,75.40900161911071,1.9214591420122462,35,39,45045,Yes,2,9
468,17,Female,65.7603212272963,1.4036236491132124,22,31,79051,Yes,1,10
469,21,Female,77.80543094148898,2.77305553106756,30,40,34627,Yes,1,9
470,20,Male,56.329252245556475,4.105980134309351,32,28,23198,Yes,2,7
471,21,Male,78.97056278657348,2.8469410555469588,14,55,77521,Yes,1,8
472,24,Female,85.0023475393071,4.8133859162968164,33,50,37475,Yes,2,3
473,19,Male,51.075172289142536,1.2585891719381295,36,37,27403,Yes,0,5
474,20,Female,79.48867883817087,2.9854932625847344,22,57,11681,Yes,3,2
475,19,Female,89.7320279096795,1.4971278667042571,15,20,50292,Yes,3,10
476,24,Female,60.48430777570553,3.4363582591499613,38,19,13629,No,4,7
477,17,Male,95.07086864205243,4.06426486811676,14,57,16417,Yes,1,8
478,24,Female,80.02822811239254,2.495085847582736,18,39,42765,No,4,9
479,17,Female,66.53985773089909,0.5,36,32,64574,Yes,0,7
480,20,Female,74.33077106810752,3.2387377761557934,25,27,35675,Yes,3,10
481,20,Male,81.69992295026067,3.5240862620802114,11,57,48563,Yes,0,10
482,22,Male,75.91206469694893,3.485153705954037,10,28,19332,Yes,0,8
483,21,Female,81.46507190935642,4.482938630186585,17,42,27177,Yes,1,9
484,22,Male,63.9519168830476,1.7147355844211414,37,32,76447,Yes,0,6
485,21,Male,77.03232988843294,3.816259326540539,28,42,65104,Yes,3,10
486,22,Male,58.03542603714024,4.43100901497357,39,41,12951,Yes,4,2
487,19,Male,73.6652872638156,0.8656948991921798,20,46,36333,Yes,3,2
488,20,Male,64.15310830242252,3.383582191102773,37,23,29673,Yes,1,4
489,17,Male,66.1736406889228,2.3949842027907944,21,54,48870,Yes,3,9
490,21,Male,89.83311810252525,2.9021727922780247,21,46,79101,Yes,2,7
491,24,Male,88.09572144713123,3.417211780246004,16,34,30821,Yes,4,2
492,21,Male,82.30965745088612,2.415325723063737,35,42,33494,Yes,2,8
493,17,Male,61.89224682392906,2.189150305006066,22,47,8835,Yes,2,7
494,22,Female,71.20309860366238,3.0409829009856297,36,18,26646,No,1,9
495,21,Female,89.5571723997502,1.695304873364637,17,48,45335,Yes,0,8
496,23,Male,76.70060296367886,1.6970098453377775,38,17,77351,Yes,2,3
497,19,Female,100.0,3.815247939547804,38,40,10429,Yes,3,1
498,20,Female,79.71981407273246,1.6214471578096128,31,22,49950,No,0,2
499,17,Male,77.30458939788038,3.7995750010910543,37,20,68654,Yes,3,2
500,20,Male,71.29060242956999,3.5551095514247413,35,30,76143,No,3,4
501,23,Male,76.6024908573874,0.9290319254512842,39,38,39099,Yes,0,6
502,21,Female,73.17036196343348,2.1869224171972137,18,53,47385,Yes,0,4
503,21,Female,83.49730412026308,4.432931283656847,16,44,43919,No,3,9
504,24,Male,86.480427801535,1.822601362632382,35,59,68782,Yes,1,4
505,23,Male,65.56812647390461,2.442714885228735,30,27,79116,Yes,4,6
506,17,Male,59.025204557306665,3.554473071902276,33,19,48387,No,4,6
507,24,Female,52.96553552276044,3.9400686111391146,24,39,23823,No,1,10
508,19,Female,81.09589592295052,2.6981533367466053,11,34,54015,Yes,0,10
509,24,Female,61.759600725913515,2.28298776637003,32,32,23339,Yes,3,1
510,18,Female,49.165312884570206,4.706843834038209,29,32,11491,No,4,8
511,17,Male,79.66294325437157,5.086679596557095,34,16,8706,Yes,3,3
512,18,Male,100.0,4.174629660938154,21,24,23728,No,1,6
513,23,Male,74.92714906152128,3.102381771078029,10,59,14997,Yes,3,3
514,22,Male,85.06188929341971,2.0300811340308886,32,26,68408,Yes,1,2
515,18,Female,75.98195230257078,2.0034667121321217,31,27,66097,No,0,5
516,19,Female,73.81332416170629,3.627016926318909,17,25,46523,Yes,1,1
517,24,Male,86.02891779585322,3.5020778650664206,14,33,33163,Yes,1,9
518,22,Male,71.51670546973618,4.681918311535715,24,49,25718,Yes,4,7
519,24,Female,78.20870776886284,3.7805401110433667,10,53,47619,Yes,3,3
520,18,Male,78.86037367435216,1.1963036378882186,10,40,20126,Yes,4,4
521,24,Female,66.98291455628342,4.262337141267502,34,28,72926,No,2,6
522,23,Male,86.90450819443828,1.8023272472227045,19,59,48633,Yes,1,3
523,22,Male,72.90048291965509,2.539234473657178,31,58,11317,Yes,2,7
524,23,Male,65.93105808608587,3.3002402475020336,19,38,52980,No,4,6
525,18,Male,81.43811812284484,5.394800987740757,30,55,52115,Yes,3,9
526,23,Male,64.21838421850755,6.731902267206433,24,15,69646,Yes,4,5
527,19,Male,75.33817388842954,3.7280676709634193,26,57,51158,Yes,3,4
528,18,Male,74.89057204026956,2.7801640575355346,31,36,63963,No,3,3
529,18,Female,88.03074678997893,3.6414067781766604,15,37,55631,Yes,0,10
530,18,Female,80.69637879455944,4.065186511048603,12,33,57316,Yes,1,1
531,17,Female,74.69967649505827,2.61519884933137,22,32,67342,Yes,4,3
532,24,Female,84.81319559040344,5.1542536270947865,25,26,23504,Yes,3,3
533,17,Female,91.68249058820776,3.2760849110296824,17,42,76593,Yes,4,7
534,17,Male,81.69372367622235,3.5972917069096733,39,42,34660,Yes,4,7
535,19,Male,75.12423143812056,3.7991091024653536,24,47,45196,Yes,3,1
536,22,Female,59.25796521179809,3.505903932737347,26,33,73938,No,2,3
537,24,Male,62.21863604309553,4.006728600563535,26,42,16605,Yes,1,8
538,23,Female,71.33730354774399,2.259296176143692,31,51,65388,Yes,1,9
539,21,Female,67.6858535740886,2.3300378952647636,35,40,63501,Yes,0,7
540,18,Male,72.75634436417465,1.679814920433966,22,49,61309,Yes,0,7
541,23,Male,75.67979909876529,3.527401476744272,26,48,35043,Yes,0,8
542,18,Male,81.35631305228077,3.9347238042145367,15,49,41635,Yes,1,6
543,19,Female,74.15401466329091,3.549327439382263,26,54,41132,Yes,2,3
544,18,Male,80.83801972591442,5.009390920017045,25,30,23366,Yes,1,1
545,17,Female,75.77369297772144,2.9932847774051443,23,52,70580,Yes,1,7
546,24,Female,51.294401203753544,3.802489986711015,22,27,65889,Yes,1,1
547,21,Female,63.72797527417495,1.6899589486328228,15,37,47236,Yes,1,1
548,20,Male,73.27094933134062,2.535480357030719,12,36,12150,Yes,2,9
549,18,Male,60.48366308590671,3.834645309078933,23,30,27423,Yes,0,10
550,23,Female,82.19914475995445,4.018922532891773,23,42,12137,Yes,4,7
551,17,Male,93.36900998812436,2.6472396628029813,24,49,37992,Yes,0,4
552,20,Male,89.62514222036779,2.9140808977703196,17,59,52921,No,0,6
553,21,Male,72.4386855488375,1.1785515039830288,38,22,74917,Yes,4,1
554,20,Female,92.88871364219942,2.571564959032069,24,58,42235,Yes,1,7
555,17,Female,76.78400948642533,4.068459796223744,31,36,27122,Yes,2,6
556,24,Male,70.95496834658353,3.6902460193278794,38,35,31956,Yes,2,4
557,24,Female,67.63916803750872,3.6007988656574517,36,40,71879,Yes,0,7
558,22,Male,71.37036376214246,3.059728424617152,22,54,66560,No,4,3
559,24,Male,70.34187817750525,3.008475790353812,26,35,76685,Yes,3,1
560,22,Male,77.04499466850585,2.2076146326318637,30,39,32660,No,1,4
561,20,Male,76.92688777259838,3.838594104243042,33,55,9168,No,0,3
562,19,Female,75.03655224184098,3.505167533267268,12,15,53124,Yes,2,1
563,23,Female,80.24325803695619,3.590422617591359,37,20,43897,Yes,4,2
564,23,Female,89.28775529743609,2.3687581887989033,15,37,23032,Yes,4,5
565,20,Male,86.39464962529588,0.5,14,37,60797,Yes,0,8
566,18,Male,57.18122437860116,4.316583254104435,31,57,43294,No,3,1
567,18,Male,44.352946381176544,2.425395052789915,35,57,51827,Yes,2,4
568,24,Female,86.21183893487128,1.9646690831482554,26,37,11516,No,0,4
569,23,Male,58.59745561901495,3.8321746942967923,32,46,27751,Yes,3,5
570,23,Female,72.3028151772878,2.5295848320970444,34,44,38373,No,4,7
571,22,Female,60.95864368728769,4.271923660855946,11,27,38270,No,1,8
572,19,Female,53.37623474903977,3.740407139492037,35,57,18386,Yes,2,6
573,17,Female,81.49755273845746,3.820283187840573,24,32,72817,Yes,2,1
574,18,Female,84.10986192363177,1.360853146559359,14,37,73184,Yes,3,7
575,23,Female,68.08187519127937,4.4543327824636805,35,29,45879,No,0,3
576,22,Male,43.90749249426108,3.3135006374806273,29,47,57597,No,4,6
577,21,Male,68.44506662097021,2.556867432904556,15,35,47132,No,3,8
578,22,Female,79.70164806483056,3.1720661608107013,15,53,11626,Yes,1,7
579,18,Female,57.25306117471045,0.868517720522016,36,37,63390,Yes,1,10
580,18,Male,77.20031903734987,3.490383373776805,27,41,24645,No,1,6
581,22,Female,74.81628180992405,1.7647541901815142,27,59,62144,Yes,3,9
582,17,Female,81.95149799521306,1.3767956569877586,13,58,21382,No,4,9
583,20,Male,76.43496442096983,1.1731689765385307,26,32,12025,Yes,2,1
584,18,Female,63.323172709421335,4.33522604998791,34,38,51226,Yes,0,1
585,22,Female,89.3588580199739,2.2448839275686536,23,54,77711,Yes,2,1
586,23,Female,73.09764512367636,4.840473251899799,23,56,11443,Yes,4,8
587,22,Male,74.67234552588081,2.3570382443372426,22,21,29395,Yes,2,10
588,19,Male,63.80078449112165,0.9511704508884642,16,34,18725,Yes,3,7
589,20,Male,69.68061298570187,1.6601706720616092,21,41,41461,Yes,1,3
590,21,Female,64.38236743167718,4.482973944008326,32,20,49115,Yes,4,2
591,17,Female,72.92464728091892,2.812922186475999,24,41,79260,Yes,4,4
592,24,Male,95.54050176170813,2.342055244211279,28,23,36690,Yes,2,3
593,21,Female,58.537186284823726,3.1920218710233454,20,59,9407,No,3,7
594,20,Female,55.6372632254791,3.602139283401054,24,45,66560,Yes,2,10
595,20,Female,92.6540439299233,4.340878579082953,21,35,55340,No,2,8
596,20,Female,72.48811587417761,4.738199075871512,12,40,25794,Yes,4,6
597,21,Female,66.97112713608101,2.568277625053097,26,54,27881,Yes,2,3
598,23,Male,87.47885624875292,1.4087427767015541,12,59,57703,Yes,1,6
599,20,Female,67.73261352315762,2.5038418066520687,28,27,52354,Yes,2,2
600,22,Male,96.91211656256323,3.3123366078994634,29,37,22390,Yes,1,7
601,21,Female,83.13511045607123,1.843489288547267,13,34,35307,Yes,4,10
602,24,Male,69.14506310225157,1.8514189021259486,12,51,32502,Yes,3,7
603,20,Female,100.0,3.4125454578598626,35,42,30486,Yes,1,4
604,22,Male,67.73142092395994,2.9416171781154588,25,31,46258,Yes,3,8
605,23,Female,83.90514446411169,3.039356394493904,21,42,65716,Yes,3,4
606,19,Male,78.5915109648779,2.0898055983599164,17,55,18748,Yes,1,7
607,23,Female,90.62089547278558,2.723519142953079,33,16,70785,Yes,4,4
608,24,Male,93.73813436072223,1.8909202268780347,38,39,30738,Yes,0,5
609,20,Female,75.3840497887892,4.068238093349744,38,55,49662,Yes,3,7
610,24,Male,65.9589855558458,4.242299201668503,26,20,23123,Yes,3,10
611,21,Male,80.5196657152694,0.7845745653142875,16,25,33616,No,4,3
612,18,Female,66.86741556297473,1.884586967769108,20,52,19182,No,4,10
613,20,Female,99.16064697031948,1.2041648938919052,27,20,70013,Yes,2,5
614,18,Male,76.63842397299285,2.2199712787117223,10,59,39331,Yes,4,3
615,22,Female,70.61614138425469,2.899874436251567,12,25,54098,Yes,3,5
616,19,Male,77.2161636703789,1.260425736361764,13,28,34128,Yes,1,3
617,17,Male,58.834484525643646,1.8937682242496243,22,16,39556,Yes,0,10
618,24,Male,63.340631537872184,1.7952511535022018,15,54,29876,Yes,2,7
619,23,Female,89.4049668953331,3.2487207952787327,35,17,16949,Yes,1,1
620,19,Male,67.11726865234326,3.0832132044435006,23,49,59962,Yes,0,9
621,20,Male,62.43706820781672,2.1339149359952962,14,47,79206,Yes,0,9
622,18,Female,81.43983303032743,3.2121850465672774,25,38,32099,Yes,0,5
623,23,Female,89.22844985595596,2.3439838984952814,24,33,20716,Yes,1,9
624,18,Female,83.6274397279808,2.674013867608736,24,32,60611,Yes,2,10
625,21,Female,86.9525722296698,5.008142508358244,39,38,46885,Yes,2,6
626,18,Male,65.91845893716646,4.608553262148417,13,59,61144,Yes,0,5
627,21,Male,57.93827199909788,1.440502515686883,17,49,73220,Yes,1,3
628,22,Male,93.01600382346584,3.995678901455009,36,15,15837,Yes,0,8
629,23,Male,71.12784193389437,3.9736758653899105,25,50,57355,Yes,4,4
630,23,Female,71.99000380253943,1.6220840534968581,37,39,55299,No,2,10
631,17,Male,90.9383297021887,3.982533172505833,25,59,27159,Yes,3,3
632,20,Male,81.67476011280792,4.845518302095064,39,57,59012,No,0,6
633,21,Female,80.47065326497929,1.6529462325067035,13,48,67305,Yes,4,8
634,17,Male,100.0,1.8989966147828836,22,39,25106,Yes,2,9
635,18,Male,67.27778123543828,4.221193760212203,35,30,66123,Yes,1,6
636,18,Male,86.13408153697485,3.3257943729907775,37,48,16720,Yes,2,5
637,17,Male,75.68415749876502,3.661771530287428,22,43,45661,Yes,1,2
638,23,Male,78.22310734635909,3.408707059680596,11,33,29120,Yes,1,2
639,18,Male,93.34162111695038,3.468835105113773,12,37,27790,No,0,9
640,24,Female,81.09402907547549,1.4082334460267005,31,33,66655,No,0,2
641,22,Female,81.4595529485956,4.256781247945738,17,39,67643,Yes,2,2
642,22,Male,87.87008804771763,4.403507990913328,33,30,55374,Yes,4,3
643,24,Male,70.62056724548538,2.724731107118367,24,23,50907,Yes,2,3
644,17,Female,64.92948399193193,2.947827660223365,20,15,58071,Yes,3,4
645,24,Male,62.4622896717476,1.1626709969331335,18,56,42812,No,1,7
646,21,Male,51.40372092748798,3.617105707221402,16,33,57570,No,1,9
647,21,Male,99.67448555928387,3.686468930056973,22,47,58901,No,0,2
648,17,Female,61.7614996113398,2.9253707796008266,11,48,68186,Yes,4,4
649,24,Male,72.34495651697074,4.349224031844603,17,30,58251,Yes,0,9
650,21,Female,71.67824040133296,2.5991073228240715,16,58,73171,Yes,3,2
651,23,Male,78.68888037370921,3.67752711107232,33,54,44160,No,2,10
652,24,Female,84.78884655047156,1.7764027935694613,21,32,27156,Yes,2,1
653,23,Female,85.32568186031695,2.971737418950914,28,48,25929,Yes,4,10
654,21,Male,68.00307073717273,2.790774890516597,16,39,74606,Yes,0,8
655,22,Female,72.99453943456307,3.27036950644913,19,59,70559,No,0,9
656,21,Male,78.39095940585959,2.55656768539997,38,20,62205,Yes,3,7
657,23,Female,72.01570648579744,2.8422328851939986,34,35,76475,Yes,2,8
658,19,Male,94.28814691223991,3.9912566057298076,25,20,72341,No,0,4
659,20,Male,80.89169941965902,2.475882915314139,12,46,50863,No,4,4
660,18,Female,83.8185334325978,1.072107479113585,39,55,73439,Yes,2,2
661,24,Male,82.95457522400895,5.099500685046505,19,57,15194,Yes,3,8
662,19,Male,89.08168628982389,4.657744894428584,15,53,79387,No,4,2
663,21,Female,77.17225870444449,1.4492847658732577,27,45,74214,No,1,9
664,22,Male,59.43801662452984,3.8276493662942332,27,56,37777,Yes,3,4
665,17,Male,79.7962554210317,2.396430275338388,14,24,34183,Yes,4,1
666,21,Female,67.18371727449805,3.3161846583972716,30,44,35445,Yes,0,4
667,22,Female,68.65659981900292,3.3530689548161923,38,32,75038,No,1,3
668,20,Male,82.03636822506112,2.7187106396204137,16,38,24198,Yes,3,6
669,21,Male,89.85939685720362,2.0594812012963244,37,23,29411,Yes,0,7
670,23,Female,75.25525892083274,2.1713507372204885,11,45,58577,Yes,1,8
671,17,Female,78.70599615118756,1.9005697014225091,20,29,23867,No,2,2
672,22,Male,95.42657933562285,2.0018133501234665,39,18,70501,Yes,0,6
673,22,Female,77.88903815386281,2.9193860519407737,22,54,22266,Yes,4,6
674,22,Male,100.0,2.141088013067098,32,23,47422,Yes,3,10
675,20,Male,81.78611574757853,3.818462478855144,14,59,43208,Yes,1,5
676,21,Male,53.87084689013019,4.784695386403113,39,23,39213,Yes,0,10
677,20,Male,84.04009945325438,2.3039361103559486,15,40,15367,Yes,2,10
678,24,Male,79.57390061859333,3.2872854006424523,33,18,43362,Yes,3,7
679,18,Female,90.47703304899295,3.5996221323635207,35,31,59588,No,3,3
680,18,Female,83.0781762152395,3.566402725103129,38,30,46285,Yes,0,4
681,24,Female,73.33852819219472,3.0911463214993047,23,29,79846,Yes,2,10
682,21,Female,60.308421164527616,3.891218902031667,21,49,44307,Yes,1,9
683,23,Male,72.4917209125677,3.5786987432167887,13,19,27867,Yes,0,4
684,20,Male,64.7937545494884,1.5148050932072425,38,19,64523,Yes,1,3
685,17,Male,68.03371860234333,4.042987277267128,32,34,14378,No,3,2
686,22,Male,82.06294085304731,4.06474900472009,15,29,35926,Yes,1,5
687,22,Female,95.03885405221688,2.0840566749857024,19,32,21180,Yes,2,4
688,21,Male,79.73605835787578,3.0455254025371223,27,16,44931,No,4,8
689,23,Male,60.64940325557779,3.8199947913732832,24,43,32014,Yes,2,7
690,18,Female,80.33523201864169,2.748823416504766,17,27,66502,No,1,6
691,18,Female,89.35957783974781,4.287573657319214,35,18,13470,Yes,0,2
692,22,Female,67.68260514816741,5.8366469935432335,18,56,22953,Yes,3,3
693,21,Female,73.39179399992499,2.0568167608380215,14,59,46507,Yes,4,10
694,20,Male,75.17625833675037,1.3427464762154702,19,24,14523,Yes,0,9
695,18,Male,65.58122024301312,3.3645823147258507,29,45,65190,Yes,0,9
696,20,Female,82.77936520612631,3.8658750061513723,15,55,55761,Yes,2,5
697,23,Male,73.54862221670662,2.722960351386277,25,22,39169,Yes,1,3
698,18,Male,80.03438932688434,4.743912795985241,33,17,53641,No,2,2
699,18,Male,64.3500938663748,1.3936730403321016,36,23,30990,Yes,1,8
700,19,Female,69.75050039611908,3.831502347637933,12,44,37661,No,2,6
701,18,Male,83.66857629393326,2.272967015089328,19,25,21419,Yes,0,10
702,24,Female,70.52600217489879,5.0632534874487565,20,49,22457,Yes,3,7
703,17,Male,95.72356621480085,5.391018423801742,20,51,75600,No,1,1
704,24,Male,70.20436577262477,2.0800120946599825,26,56,41085,Yes,4,1
705,21,Male,77.69621670902264,2.340531436909704,13,27,58654,No,4,10
706,21,Female,86.19108998247708,4.031505464375762,13,50,14130,Yes,0,2
707,20,Male,57.97961120480362,2.5354432202525823,26,27,10042,Yes,2,10
708,24,Female,53.87029425623069,2.945506538481314,18,26,78134,Yes,2,3
709,24,Female,56.692124225158864,3.030466104650892,28,51,50982,Yes,0,1
710,24,Female,90.15100924112619,0.6963922125628126,14,24,73185,Yes,4,5
711,23,Male,68.37770224929064,2.983394704686915,31,23,41477,Yes,4,3
712,18,Male,100.0,2.1723266711229914,33,21,60709,Yes,2,1
713,17,Male,68.22902881611134,2.4082526131202737,15,16,36716,Yes,1,8
714,20,Male,77.21461563836445,4.732358404162577,12,37,44018,Yes,3,6
715,24,Female,93.50531943081451,1.4921917268648925,31,53,16061,Yes,1,9
716,24,Female,99.07311465790947,3.9758462240975727,10,54,16609,Yes,4,3
717,19,Female,99.73804291963677,2.6652444836018296,29,53,43371,No,1,9
718,20,Male,89.50039476711771,2.664287797804999,31,35,28805,No,3,9
719,24,Female,87.28875030973755,3.9484462752620537,25,37,15857,Yes,1,1
720,20,Male,82.1103233904142,3.4080615534826686,32,43,19620,No,1,3
721,18,Female,84.34033291399965,3.684735596663437,20,28,16177,Yes,1,6
722,19,Male,68.38577140405759,4.161821592639433,22,40,38111,No,1,8
723,20,Male,65.18161339893231,2.602429940180013,36,19,19826,Yes,0,4
724,17,Female,74.95950651106858,2.2653159185906997,19,45,21890,Yes,4,5
725,17,Female,72.95778452970086,1.6978193681306424,12,39,66031,Yes,3,9
726,21,Female,69.5612634080727,2.0095073640252537,18,45,13495,Yes,4,6
727,19,Female,83.35664936948058,6.53891331037047,37,34,36481,Yes,0,7
728,19,Male,86.46366250284613,4.493615496884144,21,58,19267,Yes,0,7
729,21,Female,76.06088263550217,1.3787107605503743,32,31,14743,No,0,4
730,20,Female,92.73036097266314,1.4130504519077158,23,59,62800,Yes,0,4
731,19,Female,61.29973063039794,3.57823927406219,10,16,56773,Yes,1,4
732,17,Male,72.67608648864338,3.6567177568535603,27,39,65042,Yes,4,5
733,17,Male,66.39813215276634,3.658660602380837,26,27,57476,Yes,2,5
734,24,Female,52.60156059512328,2.6940530477355624,36,53,36552,Yes,3,8
735,18,Male,74.0078317698876,2.8494548879965196,18,42,73242,Yes,0,9
736,19,Female,73.5390298994006,3.3934554289912287,18,56,53772,Yes,4,2
737,20,Male,93.16139691890558,3.1030716075519966,32,20,51730,Yes,0,7
738,21,Male,82.56974021465733,0.5,19,17,36948,Yes,0,1
739,21,Male,62.70975810804954,2.7242404433097676,28,49,77093,No,0,1
740,20,Male,97.24911079601026,1.9783122788876237,38,32,77123,No,0,4
741,23,Female,89.65240434630424,3.2102537026902143,24,25,24535,Yes,0,10
742,22,Female,81.98517244162339,6.582310803124091,14,34,74490,Yes,3,7
743,18,Female,72.28219081380202,3.4409779985691653,24,19,54562,Yes,4,2
744,21,Male,63.486729159318244,2.6237643765931224,29,33,66535,Yes,0,2
745,19,Female,70.53351868714736,4.106161802372703,32,36,49269,Yes,0,1
746,18,Female,88.06498343645023,3.579225464651055,39,33,50462,Yes,0,10
747,19,Female,97.61503567121531,3.5041133885422093,34,30,11127,No,0,2
748,23,Male,93.51892233926627,3.728220711858805,37,38,31147,Yes,1,7
749,17,Male,69.1338069385647,5.4678522777954495,11,55,53528,Yes,1,9
750,18,Male,61.56459080053187,1.6429338776089013,22,18,76931,Yes,2,6
751,24,Female,76.69063496293445,3.5683584921737452,33,29,74381,Yes,0,10
752,21,Female,53.77872761324578,1.888342644022154,25,39,71749,Yes,2,2
753,18,Female,78.87801257021738,3.6666151756106977,24,58,46672,Yes,3,10
754,18,Male,73.22876896441598,1.8975761862166869,34,49,21731,Yes,2,10
755,18,Male,69.4075619775811,2.4991598236738986,19,28,62512,Yes,4,9
756,22,Female,55.86356319279845,2.6458921029145124,23,33,59024,Yes,1,7
757,18,Male,81.1632012788366,4.170980063213651,19,52,11832,Yes,1,1
758,19,Male,68.60758992405707,4.102145332730896,34,50,40332,Yes,0,9
759,17,Male,60.960997971476544,1.5051391482643386,23,21,20467,Yes,0,2
760,23,Male,40.53285344062021,3.0659209331998185,35,44,49025,Yes,3,4
761,20,Female,74.66982113939237,2.1485041743009927,39,33,21107,No,3,9
762,18,Male,96.26701916003694,1.4897941071895986,32,39,51481,Yes,4,4
763,21,Male,94.93511057457444,2.7395795394907556,18,30,10581,No,0,3
764,18,Male,69.51484492096473,2.629820653853016,34,54,59638,No,0,1
765,21,Male,67.77345527565863,5.912059783614627,23,22,16418,Yes,3,7
766,19,Female,80.62529107290028,3.5195517904328355,12,32,37113,Yes,3,6
767,21,Female,63.019374729740505,1.3468589990949154,29,42,71044,No,3,10
768,24,Male,78.62150279783359,2.3222711949948693,25,30,69030,Yes,1,4
769,20,Male,84.19296334061629,4.225659954515278,11,33,19814,Yes,2,6
770,17,Male,89.7231986866117,5.50613132744391,19,56,18024,No,2,6
771,21,Male,73.79815108224057,1.0968200253144502,12,31,71288,Yes,0,4
772,21,Male,72.55591499787641,0.744090737833146,20,59,65836,Yes,1,6
773,17,Male,64.46420895892126,5.245158210446139,20,27,15435,Yes,3,10
774,20,Female,65.07743575152168,3.4675370128450846,30,21,75084,No,0,8
775,18,Male,72.28225329718168,1.9580487217483602,30,41,78601,Yes,1,3
776,21,Female,79.40838608179413,3.6415549033469223,31,24,11407,Yes,4,4
777,17,Female,85.963015514799,0.5,22,48,40940,No,1,10
778,24,Male,65.36185259183586,3.0040506079165934,16,50,13666,Yes,0,1
779,24,Female,92.91226282751427,3.3933854074117025,32,39,45122,Yes,2,4
780,19,Female,71.74651678748917,4.109124167445396,26,20,33092,Yes,3,10
781,17,Female,74.74359246781877,1.7833248572489548,39,38,34505,Yes,4,10
782,19,Female,66.03345985022612,3.102824593684031,11,32,44713,Yes,1,9
783,24,Female,45.9091168767247,1.8894904487284954,21,37,62387,Yes,0,8
784,20,Female,85.60854475633259,3.3064605068091804,34,20,51169,Yes,0,4
785,18,Male,83.8421267651092,1.9255844131643711,19,43,59742,No,3,7
786,17,Female,71.62406931458143,2.510278993007735,27,39,48522,Yes,0,10
787,23,Female,75.80388860669846,1.805021526251725,31,31,11880,Yes,0,3
788,24,Female,81.19127061244919,3.7813634901883884,36,38,51454,Yes,3,9
789,24,Male,56.249449717361486,4.030141339987998,20,25,63711,No,4,10
790,23,Female,68.65136787184446,2.7184553160511036,25,40,51539,Yes,2,4
791,22,Male,84.53117615546192,3.045885593952034,26,48,76321,Yes,2,2
792,24,Female,59.948526921969005,1.261690302439747,28,42,22799,Yes,1,10
793,21,Male,78.52269518599955,2.6403880223918557,27,17,68102,Yes,4,5
794,20,Male,58.72101834451914,2.9397544595499063,12,25,58726,Yes,1,2
795,17,Female,80.59715978920232,6.14495170923597,30,52,56784,Yes,2,10
796,23,Female,74.5723022124302,1.6656395690710037,36,28,51333,Yes,3,6
797,21,Male,55.618418209133885,4.757012686502925,35,40,48828,No,0,10
798,23,Female,88.97687225348605,4.19623052815897,25,35,77526,Yes,2,1
799,17,Male,66.18490107842341,3.3367636853881635,15,53,62362,Yes,4,6
800,19,Male,65.27697075582742,5.11034458103416,34,44,61997,Yes,2,4
801,17,Male,77.40683036677132,3.4465265671282355,21,22,58341,No,4,3
802,22,Male,88.78364819314459,3.4669910348015143,20,34,27073,Yes,4,2
803,17,Male,62.81013817225924,2.9362552163789455,24,46,22549,No,4,7
804,17,Female,75.74015819817566,4.468282658902353,24,36,64920,No,1,9
805,22,Male,80.14579800396687,4.315763080573061,25,21,28316,Yes,3,3
806,20,Male,83.31726728715773,2.249187255004545,19,23,34183,Yes,2,6
807,24,Female,77.11729866332671,1.4169033664814792,21,59,32624,Yes,3,9
808,17,Male,70.59566593100013,2.7564232351252116,37,15,70515,Yes,0,2
809,22,Female,65.06891735221537,2.0399537227228244,22,43,54705,Yes,2,7
810,21,Female,76.03372659655649,2.9237705104615737,13,22,34756,Yes,3,5
811,19,Female,62.13433185617272,4.484925761620967,16,18,68390,No,3,5
812,19,Male,40.0,2.451238013895852,31,49,76369,Yes,0,7
813,17,Male,80.23871764989201,2.94861194242611,11,17,78821,No,4,9
814,20,Male,85.84721809303434,3.0696272817700745,35,59,17589,Yes,2,4
815,20,Female,46.64481077349794,4.018117058646341,36,54,22116,Yes,2,9
816,21,Male,62.88323154348075,0.5,36,21,52786,No,0,10
817,17,Female,82.42985113206237,2.271959646281644,36,41,38286,Yes,4,9
818,19,Male,99.68994563654039,3.2535404307353675,24,15,23994,Yes,2,4
819,20,Female,75.2495244921049,4.440094747712234,17,41,34639,Yes,2,3
820,17,Male,66.26396470525039,2.409717062992554,16,30,25205,Yes,2,2
821,23,Male,72.80524270674192,0.7481367527497511,24,52,64677,Yes,4,9
822,20,Male,91.49851702977821,3.7436537351593637,32,21,40930,Yes,0,2
823,22,Female,67.24842985050557,2.2375651334092446,23,58,26316,Yes,2,6
824,23,Female,65.40969592019695,1.5724000090915664,17,37,35304,No,3,5
825,24,Male,69.20707773381561,2.250785532344131,37,55,21403,Yes,4,5
826,20,Male,63.56005670089545,2.7785695708129805,21,25,39932,No,1,4
827,19,Female,76.47204379193755,2.274306402554145,22,56,44701,Yes,0,6
828,18,Female,94.49614150163472,0.5,39,47,11385,Yes,3,5
829,23,Female,78.87695127739235,4.076479436264559,20,50,65241,Yes,2,4
830,24,Male,71.97175797448455,4.529850049534467,26,51,18367,Yes,1,9
831,21,Female,71.49826477301347,3.781826389607407,38,55,73030,No,0,6
832,21,Male,56.24171029564012,1.6347771954902202,26,31,54505,Yes,4,10
833,19,Female,85.59731732576591,2.7582101592629784,33,49,41332,Yes,1,10
834,20,Male,74.06595363584637,2.99217442172465,13,19,43268,Yes,1,10
835,17,Female,72.83424103691249,3.7185532674742925,30,46,33563,Yes,3,3
836,20,Female,100.0,3.802008586461697,17,17,44404,No,0,10
837,19,Female,78.58503490038824,2.118991441465805,14,49,63182,No,3,6
838,21,Female,65.97850739885779,3.0983946676962724,35,28,40991,Yes,3,1
839,20,Female,69.88370884553348,3.5487364855382895,25,45,55663,Yes,2,5
840,21,Male,88.78134851036106,4.7469867865761195,13,45,73886,Yes,4,10
841,23,Female,76.35924492645317,3.8454078477896676,37,31,32127,Yes,1,6
842,24,Female,57.7406642601916,3.9468680248506227,31,38,65692,No,0,8
843,17,Female,86.03074721490245,3.100591953515233,38,37,45500,Yes,4,9
844,23,Male,66.98227097353207,4.692550974244204,24,32,41785,Yes,4,3
845,21,Female,97.47957331461055,3.491715355151397,21,28,55997,Yes,0,2
846,21,Male,87.96057678857578,1.9666945077917155,14,29,15170,No,4,4
847,18,Female,69.63213725209499,4.684043964150229,39,29,21303,Yes,2,8
848,18,Female,90.37219634082135,3.8374839270468333,32,20,79743,Yes,4,8
849,23,Male,75.81426612632885,2.4683471746458214,25,41,43187,Yes,2,3
850,22,Female,85.23328410146664,2.4246084391209077,23,29,73034,Yes,1,4
851,23,Male,80.8167938075337,3.355890654168914,19,50,79776,No,1,3
852,18,Male,64.84372014010953,3.5558217543211015,16,22,9893,Yes,3,10
853,21,Female,67.27740201219045,3.2367507187574476,22,29,21753,Yes,2,2
854,19,Male,87.35952981097394,3.373570408131462,29,17,46090,Yes,1,4
855,23,Female,70.98269601472151,5.0399488494916564,37,27,72922,Yes,4,6
856,21,Female,70.15621844109604,4.2858517826818625,38,55,67412,Yes,0,5
857,19,Male,63.538529047807764,3.2287627095180294,14,48,64030,Yes,0,3
858,19,Male,80.08318878712153,4.12957269692098,38,38,25509,Yes,2,2
859,18,Male,99.75029903091774,1.7609713157669526,12,54,76653,Yes,3,9
860,23,Male,62.189605028948726,3.477512459936171,24,46,44929,Yes,4,1
861,20,Female,75.2906334800731,5.171167619679732,13,46,56291,No,2,9
862,17,Female,91.94664666498515,2.738344925529151,24,44,12042,Yes,0,1
863,18,Male,74.04430330505141,1.9828392856570982,23,27,70574,Yes,2,7
864,18,Female,80.4284615549968,2.2174933336883274,29,15,45201,Yes,4,6
865,20,Female,62.25127766223744,1.692440355189134,28,48,22016,Yes,1,7
866,17,Female,80.13968516649179,2.058285710246756,22,29,33022,Yes,4,3
867,21,Female,72.75426881994541,2.5553902816919654,19,58,35938,No,1,3
868,22,Male,86.82875994815835,1.3133195769856296,30,28,51678,Yes,1,1
869,23,Male,89.24863261877701,3.0187420007395236,14,43,69720,Yes,1,4
870,22,Female,100.0,4.082732608543976,36,48,64805,Yes,2,2
871,21,Male,81.9555980785629,1.9106925838236957,32,32,9986,Yes,0,10
872,24,Male,78.90955579898599,4.823140708370122,29,21,20161,Yes,2,8
873,18,Male,77.33261161892803,3.6129505062331138,38,43,28689,Yes,0,3
874,17,Female,70.76200448627174,4.236696702748869,29,45,68924,Yes,4,7
875,18,Female,79.06180612154029,2.210598535377436,34,39,71745,Yes,3,7
876,19,Female,71.45518307833164,4.025430272479939,15,52,9211,No,4,9
877,18,Male,77.02153171523537,1.6896793195256243,13,28,8229,No,2,6
878,18,Female,90.81117042729551,4.068297001003811,11,22,56542,Yes,2,1
879,21,Female,62.921489216644304,3.2062072077522377,31,41,22345,Yes,0,8
880,21,Male,88.67854273354854,3.66390146398174,25,16,39819,No,2,1
881,21,Female,90.80538080807838,1.5892864732501781,27,31,55779,Yes,1,3
882,22,Female,73.58317767610706,1.9259161892680745,14,51,73584,Yes,2,5
883,19,Male,49.537741211896865,3.7166738619040616,31,28,27950,No,0,8
884,24,Male,67.70613615486681,1.861982394930959,13,39,23173,No,0,9
885,24,Male,90.56393455873331,3.5558475505189477,39,44,66032,Yes,1,7
886,21,Female,74.72558325241341,1.359434632247705,22,43,36036,Yes,0,9
887,17,Female,63.008373212461066,4.017809055200002,28,34,79356,Yes,3,3
888,22,Female,68.9427009452614,1.5209720222777892,32,35,22292,Yes,4,5
889,20,Male,85.08744031805463,3.6627599252154277,11,36,11052,Yes,2,10
890,17,Male,81.56080281841655,3.750757120375201,22,49,52377,Yes,3,8
891,23,Female,72.13281480996366,2.16387381788451,20,51,75838,Yes,2,1
892,23,Female,70.59810705822375,3.6984318805016723,39,30,75819,Yes,3,8
893,17,Male,70.29890221147414,3.3125307160002673,31,57,23620,Yes,2,7
894,21,Male,63.931077786017966,2.353389772568714,38,31,38461,Yes,1,1
895,20,Male,94.3845082736333,1.7897343791085503,13,30,28750,Yes,0,10
896,20,Male,71.13215436946392,0.6448491699929053,31,16,17472,Yes,0,10
897,22,Female,89.60590224990595,3.4195800567596324,29,18,77263,No,1,6
898,20,Male,93.25579262306942,1.1222366743655339,29,35,65602,Yes,3,1
899,23,Female,86.97973077777553,3.1144130393295697,24,53,33523,No,4,2
900,19,Female,69.82055624738342,2.6838621407013012,13,48,38766,No,3,5
901,21,Female,79.84476108403932,3.8149713305258346,18,44,74060,Yes,0,2
902,20,Male,74.709652723309,2.637545400612163,16,20,17079,Yes,4,10
903,22,Male,64.15557767123846,2.6046626563834905,28,31,16399,No,2,1
904,23,Male,78.89231138065924,3.8782448451459546,28,53,68726,Yes,4,6
905,19,Male,60.85152250608237,3.402069634900941,15,39,24532,Yes,3,8
906,18,Female,89.25215266153876,3.379387148619334,15,19,51162,Yes,1,8
907,18,Male,69.42459243241929,3.5631211077702316,29,19,11749,Yes,2,8
908,19,Male,77.41391587047407,1.1573134521514732,24,34,19353,No,3,6
909,23,Female,78.3994544585537,3.9081464159843784,24,30,36477,No,2,3
910,22,Male,71.89314031555108,3.734962552816323,34,55,32570,No,4,1
911,19,Female,82.0403256177033,1.7799802457082035,29,51,19437,Yes,0,2
912,21,Female,69.30115612052971,2.7071034315909586,18,54,46104,Yes,3,5
913,21,Female,85.45556756948693,2.9528312548468425,13,23,71370,Yes,1,10
914,18,Female,58.84824383703902,2.8386038587179208,27,19,12551,Yes,4,5
915,20,Female,76.51655495455694,3.4006319598822414,27,56,76359,Yes,3,10
916,22,Female,98.26714798869942,4.71764013819742,14,16,62880,Yes,1,1
917,18,Female,62.9960241047331,4.298120073207395,29,23,20916,Yes,3,1
918,20,Female,66.86706035370179,1.4253369678823125,32,57,49445,Yes,4,9
919,20,Male,81.16689419590698,3.7464839883672583,39,50,55636,Yes,3,2
920,24,Male,77.15498138327517,4.594719983442491,20,36,37685,Yes,2,7
921,21,Male,79.20756119128271,3.464170224827043,14,36,59134,Yes,4,10
922,23,Male,80.87024556177197,4.3091765102231605,31,36,75847,Yes,3,4
923,17,Female,82.61665762274124,5.414724534840918,35,48,47993,Yes,0,7
924,23,Male,88.31639810347468,4.228451455328377,13,43,52333,No,3,8
925,17,Female,79.91782388314215,3.2991703147700746,38,52,66865,No,2,5
926,19,Male,72.1049081445775,4.254106168901704,21,47,57756,No,1,1
927,21,Male,83.07088441443278,3.1738653997162696,11,32,69192,Yes,1,4
928,20,Male,97.79858321874258,3.0286836519419467,22,21,68686,Yes,1,10
929,22,Female,73.40839504340912,2.578302917143521,19,15,56733,Yes,0,3
930,17,Male,63.3056483439523,4.8760960305985295,18,47,33993,Yes,2,10
931,23,Female,88.28496803144367,2.0178856008695982,19,15,38492,Yes,4,5
932,20,Female,73.55542603255682,4.838841269613739,16,38,28981,No,1,10
933,17,Male,48.92796544783157,3.599836948488446,13,18,32143,Yes,2,10
934,17,Male,85.16906012580506,1.3208325902376703,28,18,68277,No,3,6
935,24,Male,68.57606176855293,3.441179151589706,19,32,57990,No,0,2
936,17,Female,73.91360061235007,0.5,39,41,70888,Yes,2,7
937,22,Male,78.98376396682818,3.7506096201972428,12,57,77351,Yes,2,3
938,21,Female,77.28599615734879,4.06227777958679,34,46,57999,Yes,4,1
939,22,Female,83.51342180566847,2.2891728532175355,30,47,78309,Yes,2,10
940,18,Male,69.77416355316188,3.1482572351466986,38,42,20446,Yes,4,3
941,20,Male,81.15726957811299,5.344988920500343,28,56,38733,Yes,0,9
942,21,Female,71.88543986899299,2.393103954885676,30,55,56632,Yes,0,10
943,24,Female,83.86572577065003,1.7293108955320795,11,50,29576,Yes,3,6
944,21,Female,82.38440980815665,4.777996082955118,36,20,11320,Yes,4,6
945,21,Male,63.77473557546486,5.355104628636953,29,30,18750,Yes,4,4
946,23,Female,88.03178539410038,3.0044348062174167,19,48,61463,Yes,1,8
947,21,Male,68.56843865863142,4.213755642490027,11,37,34572,Yes,1,5
948,24,Female,84.69669357937374,4.609771098637057,11,56,25948,Yes,3,7
949,22,Female,79.40744776081608,2.109018920953939,37,38,46826,Yes,0,9
950,21,Male,97.05820412154148,2.417632997558558,33,27,35867,No,1,5
951,19,Female,72.31840821153777,4.477049415785682,26,32,68231,Yes,2,5
952,20,Male,70.80819844658163,5.022017134450211,25,27,74262,Yes,0,4
953,21,Male,74.76696472934721,3.6754570322092257,25,51,52678,Yes,2,6
954,20,Female,71.3618426059887,1.944222775797535,23,57,20963,Yes,4,2
955,19,Male,84.5993028233046,5.384473334039329,16,53,72360,Yes,0,3
956,19,Male,55.604272698760944,2.362834922625643,30,56,57434,Yes,3,1
957,20,Female,62.35581097024375,2.597834662594258,20,31,74617,Yes,4,2
958,17,Male,62.18636494104968,3.4108054013875457,33,29,28269,Yes,4,2
959,18,Male,86.40369110368292,4.864992504857729,10,32,45528,Yes,2,8
960,23,Male,95.5273604709831,4.024771171862668,20,37,73602,Yes,4,8
961,17,Female,73.74660937755034,3.4978386004342923,32,44,41332,Yes,1,2
962,17,Male,72.97413932171987,3.5559462361417276,30,48,77206,Yes,0,6
963,22,Female,75.84062595735817,3.0522176023721594,13,18,10251,No,1,5
964,23,Female,88.94253963129829,3.6697674174222077,16,17,53717,Yes,2,3
965,23,Male,63.87176238971311,0.5,35,21,35027,No,2,5
966,17,Male,77.86042779281742,2.644071049116242,24,32,17583,Yes,0,5
967,21,Male,86.70237155738916,3.289586321900137,27,56,58387,Yes,4,5
968,22,Female,81.01313003927814,1.6187830996565915,21,21,31104,No,3,3
969,22,Male,77.27497939918491,3.463587981373872,26,54,20224,Yes,2,3
970,19,Male,87.0125531108057,2.7546345348166543,10,20,68624,No,0,4
971,24,Male,42.561212484009154,5.1065708379785875,20,36,64058,Yes,3,7
972,23,Male,83.13450383437089,4.8876236702578275,37,15,37299,Yes,4,2
973,17,Male,67.15109180247092,2.4410333170582046,10,18,12141,No,2,10
974,19,Female,53.032405237722514,2.818994746119966,24,57,31350,Yes,0,4
975,20,Female,81.13443119429976,2.911262921269929,37,43,78871,No,0,4
976,18,Male,91.4839025419555,2.458008628608453,30,35,13077,Yes,0,1
977,24,Male,73.3506178244677,3.234029980833752,19,40,54015,Yes,2,10
978,24,Male,86.43449456643526,2.0900615173348918,16,28,79147,Yes,3,8
979,24,Male,94.34733909586375,1.6432615980749685,11,23,67180,No,0,1
980,22,Female,90.77897344300857,3.7472534686803223,19,26,48857,Yes,4,8
981,20,Male,94.67957435245671,3.755435501066173,33,56,67840,Yes,0,7
982,24,Female,83.9055298928627,2.0348210884080093,13,20,67902,No,3,9
983,20,Female,75.90520366681912,4.0744265169151195,21,34,13577,No,2,8
984,21,Male,55.77641025723398,2.2421067250016025,28,38,28002,Yes,0,5
985,24,Female,72.04725014244062,3.3037982856455774,35,41,58711,Yes,0,8
986,18,Female,64.8810408562057,3.984412815134947,20,52,47451,Yes,4,10
987,20,Female,100.0,2.9596649223555445,17,22,57103,Yes,4,3
988,20,Female,72.88937025081196,3.545689094569361,27,15,36647,Yes,0,10
989,18,Male,76.47845768141383,2.3802844273349137,20,38,42831,Yes,0,7
990,24,Male,81.61782451248561,2.7642400998862833,20,21,74830,Yes,4,4
991,18,Female,75.52322935646944,2.7529686829435915,22,33,44833,No,3,5
992,20,Male,95.34061248516903,2.1041059841517136,12,36,32398,No,1,9
993,18,Male,67.52820765918658,2.7878710042610617,21,49,69554,Yes,1,7
994,20,Male,77.33528946284692,1.141658041363504,12,44,58755,Yes,0,4
995,20,Male,66.09035297162342,2.4106155034294745,19,43,25706,Yes,4,6
996,21,Male,59.15972986535153,2.658149407956395,36,36,30340,Yes,2,10
997,17,Female,67.65877090913658,2.692584297005544,26,25,72994,Yes,2,7
998,20,Male,74.55555843541906,2.7102030649550652,31,34,71884,Yes,1,10
999,24,Male,69.84837330579288,2.9258829601678453,11,43,25482,Yes,3,9
1000,19,Male,66.69094824151372,3.5753298217032765,26,55,62225,Yes,1,4
